Link,Title,Location,Salary,Summary
https://kr.indeed.com/viewjob?jk=5ed4beb5aa91a6a4,"전산 Asp, Php 가능자",올큐 서울,,"전산 개발직 Programmer - Asp, Php 가능자 Program 개발, 분석, 수정작업 근무 형태: 정규직, 아르바이트, 임시직 경력: * Program: 1년 (선호) 원격 근무: * 아니요"
https://kr.indeed.com/viewjob?jk=1b8f96d96dc54b78,웹 프로그램 신입 개발자,아이티공간 울산 남구,"연봉 24,500,000원 - 26,000,000원",래머>JSP|인터넷·IT·통신·모바일·게임>응용프로그래머>JAVA|인터넷·IT·통신·모바일·게임>웹프로그래머> PHP |인터넷·IT·통신·모바일·게임>응용프로그래머>RMI·CORBA(Unix·Linux)|인터넷·IT·통신·모바...
https://kr.indeed.com/viewjob?jk=7685fd1b6940596a,웹 프로그램 개발자 (경력),아이티공간 울산 남구,"연봉 30,000,000원 - 40,000,000원","Linux)/Java/DBMS(Mysql, MSSQL 등) 경력 - PHP/ Springframework / Spring Boot 기반 웹 어플리케이... 통신·모바일·게임>웹프로그래머> PHP |인터넷·IT·통신·모바일·게임>응용..."
https://kr.indeed.com/viewjob?jk=7a534b605e8be390,판도라플랫폼과 함께 성장할 능력있는 프로그래머,판도라플랫폼 울산 남구,"월급 1,800,000원 - 2,000,000원","절차 및 제출서류 제출서류 이력서에 응시분야, 연락처, 희망연봉 기재 직무/산업 직무별(직종) 콘텐츠.사이트운영디버깅 웹프로그래머웹프로그래머, ASP, JSP, JAVA, Servlet, CORBA, PHP, CGI, XML"
https://kr.indeed.com/viewjob?jk=60ebc5674fd0bedc,기상기후인재개발원 무기계약 근로자,기상청 대한민국,,"학력: 고졸이상 남자의 경우 병역필 또는 면제자 SW 개발 및 웹 프로그램 가능자(Linux, SQL, php, Java, HTML, CSS 등 관련분야) ※ 단, 공무원· 기업 등 입사 대기자는 제외 [우대사항..."
https://kr.indeed.com/viewjob?jk=848e5e4ff3ba9613,SK인포섹 주관 2020년 4차 산업혁명 선도인력 양성사업 연계 교육,SK인포섹 2.9 서울,,통신·모바일·게임>웹프로그래머>CGI·Perl|인터넷·IT·통신·모바일·게임>웹프로그래머>HTML·DHTML·mHTML|인터넷·IT·통신·모바일·게임>웹프로그래머>JSP|인터넷·IT·통신·모바일·게임>웹프로그래머> PHP
https://kr.indeed.com/viewjob?jk=621ad6ad9a1d46f4,2020년도 기후과학국 공무직 근로자 (연장),기상청 대한민국,,"자격요건 채용분야 자격요건 지원직 B ㅇ (기상) 자료처리 및 웹프로그램 가능자 ※ 프로그램 언어( PHP, SQL, 포트란, NCL 등) 가능자 및 관련 지식이 있는 자 ㅇ 관련 전공(전산, 컴퓨터공학, 자연과학계..."
https://kr.indeed.com/viewjob?jk=28b98e7baf7332e6,Food and Beverage Attendant NA-03,US Department of the Army 4.3 대한민국,,"kit, click this URL: https://publicfileshare.chra.army.mil/index. php/s/uIDfgOMr6PWHHGS/download?path=/&files=NAF Applicant..."
https://kr.indeed.com/viewjob?jk=196e08723ab5bc06,네이버 까페 및 홈페이지 운영 및 관리,쎄일포유 경기도,"월급 2,000,000원","쎄일포유 | 부동산 분양 관련 업무 | 포토샵,일러스트,HTML·코딩, php,웹프로그래머,컨텐츠관리,카페관리 | 아르바이트,정규직,계약직 | 1년이상 | 월~금 | 오전~오후 | 월급 2,000,000 | 연령무관..."
https://kr.indeed.com/viewjob?jk=cfebb1dd13c565d3,"프로그래머 [html, php, mysql 가능자 초보자 가능]",케이티엔인천전화번호부 대한민국 +1 지역,"연봉 24,000,000원 - 26,000,000원","신입·경력 학력 - 성별 무관 기타 담당업무 프로그래머모집-html, php, mysql 가능자 초보자 가능 홈페이지관리 등 연봉2500이상(면접시... JSP, JAVA, Servlet, CORBA, PHP, CGI, XML"
https://kr.indeed.com/viewjob?jk=bfced08e173ea23d,Custodial Worker (CYS) NA-02,US Department of the Army 4.3 대한민국,,"kit, click this URL: https://publicfileshare.chra.army.mil/index. php/s/uIDfgOMr6PWHHGS/download?path=/&files=NAF Applicant..."
https://kr.indeed.com/viewjob?jk=5ed4beb5aa91a6a4,"전산 Asp, Php 가능자",올큐 서울,,"전산 개발직 Programmer - Asp, Php 가능자 Program 개발, 분석, 수정작업 근무 형태: 정규직, 아르바이트, 임시직 경력: * Program: 1년 (선호) 원격 근무: * 아니요"
https://kr.indeed.com/viewjob?jk=a15b3c82061a5a31,PHP 신입/경력 정규직,인조이웍스 서울 광진구,,"1.신입 : PHP 프로그래밍의 기본 소양을 갖춘자 2.경력 > PHP Laravel/CI framework 개발 경험자우대 > Jquery, Vue... 인크루트 이력서 . 인터넷·IT·통신·모바일·게임>웹프로그래머> PHP"
https://kr.indeed.com/viewjob?jk=c25ff744e8097bae,2020년도 기후과학국 공무직 근로자,기상청 대한민국,,"지구과학, 물리학, 통계학 등 지원직 B ㅇ (기상) 자료처리 및 웹프로그램 가능자 ※ 프로그램 언어( PHP, SQL, 포트란, NCL 등) 가능자 및 관련 지식이 있는 자 ㅇ 관련 전공(전산, 컴퓨터공학, 자연과학계..."
https://kr.indeed.com/viewjob?jk=7ef39e82c9762bd7,자바스크립트 프론트웹개발자(정규직),데이터킹 안양 동안구,"연봉 25,000,000원 - 48,000,000원",래머>JSP|인터넷·IT·통신·모바일·게임>응용프로그래머>JAVA|인터넷·IT·통신·모바일·게임>웹프로그래머> PHP |인터넷·IT·통신·모바일·게임>응용프로그래머>RMI·CORBA(Unix·Linux)|인터넷·IT·통신·모바...
https://kr.indeed.com/viewjob?jk=aee531d6a0c06894,Recreation Aid NF-01,US Department of the Army 4.3 대한민국,,"kit, click this URL: https://publicfileshare.chra.army.mil/index. php/s/uIDfgOMr6PWHHGS/download?path=/&files=NAF Applicant..."
https://kr.indeed.com/viewjob?jk=923cace09beaab9a,"PHP 웹개발자 - 웹프로그래머 (내울채움공제, 정규직)",예스폼 서울 성동구,,"주)예스폼 PHP 웹개발자 - 웹프로그래머 (내울채움공제, 정규직) 모집부문 및 자격요건 모집부문 담당업무 자격요건 인원 PHP 웹프로그래머... 성별: 무관 기타: PHP 직무관련 자격증 취득자 PHP 웹개발자 신입지..."
https://kr.indeed.com/viewjob?jk=28b98e7baf7332e6,Food and Beverage Attendant NA-03,US Department of the Army 4.3 대한민국,,"kit, click this URL: https://publicfileshare.chra.army.mil/index. php/s/uIDfgOMr6PWHHGS/download?path=/&files=NAF Applicant..."
https://kr.indeed.com/viewjob?jk=d11a4dd44ac1197f,May 24th ESL Full Time,ESL AGENT 대한민국,,gmail.com Website : http... eslagent.net/english/main. php Telephone : +82-2-2675-0582 #1. Language school 1. Location...
https://kr.indeed.com/viewjob?jk=edcf7e3d0868a156,웹앱 개발자 정규직,thecompany 경상남도,"연봉 25,000,000원 - 30,000,000원",개발자 PHP MySQL 웹개발 웹퍼블리셔(HTML코딩) [담당업무] 당사에서 진행하는 서비스 유지보수 및 관리 업무입니다. PHP / MYSQL... 통신·모바일·게임>웹프로그래머> PHP |인터넷·IT·통신·모바일·게임>웹프...
https://kr.indeed.com/viewjob?jk=780ca9db02d29b92,"웹하드 PHP 웹개발자 (PHP, Mysql)",쉬프트 부산 해운대구,,"[웹프로그래밍] - jsp, java, ASP / PHP 개발 능숙자 - HTML... 실무 수행가능한 분 쉬프트 웹하드 PHP 웹개발자 모집( PHP, Mysql) 인터넷·IT·통신·모바일·게임>웹프로그래머> PHP |인터넷·IT·통신..."
https://kr.indeed.com/viewjob?jk=a659f9535540fe2c,신입 또는 경력 PHP 개발자,인조이웍스 서울 광진구,,경력 PHP 개발자를 모십니다. 모집부문 및 자격요건 담당업무 자격요건 인원 [모집분야] - PHP 개발자 [담당업무] - 웹사이트 개발 [자격요건] - 신입: PHP 프로그래밍의 기본 소양을 갖춘자 - 경력: 1. PHP...
https://kr.indeed.com/viewjob?jk=5ed4beb5aa91a6a4,"전산 Asp, Php 가능자",올큐 서울,,"전산 개발직 Programmer - Asp, Php 가능자 Program 개발, 분석, 수정작업 근무 형태: 정규직, 아르바이트, 임시직 경력: * Program: 1년 (선호) 원격 근무: * 아니요"
https://kr.indeed.com/viewjob?jk=a659f9535540fe2c,신입 또는 경력 PHP 개발자,인조이웍스 서울 광진구,,경력 PHP 개발자를 모십니다. 모집부문 및 자격요건 담당업무 자격요건 인원 [모집분야] - PHP 개발자 [담당업무] - 웹사이트 개발 [자격요건] - 신입: PHP 프로그래밍의 기본 소양을 갖춘자 - 경력: 1. PHP...
https://kr.indeed.com/viewjob?jk=d11a4dd44ac1197f,May 24th ESL Full Time,ESL AGENT 대한민국,,gmail.com Website : http... eslagent.net/english/main. php Telephone : +82-2-2675-0582 #1. Language school 1. Location...
https://kr.indeed.com/viewjob?jk=7ef39e82c9762bd7,자바스크립트 프론트웹개발자(정규직),데이터킹 안양 동안구,"연봉 25,000,000원 - 48,000,000원",래머>JSP|인터넷·IT·통신·모바일·게임>응용프로그래머>JAVA|인터넷·IT·통신·모바일·게임>웹프로그래머> PHP |인터넷·IT·통신·모바일·게임>응용프로그래머>RMI·CORBA(Unix·Linux)|인터넷·IT·통신·모바...
https://kr.indeed.com/viewjob?jk=0251e2321b09ce93,웹 개발자(경력),이롭게 서울특별시,,"경험 Linux 시스템 운영 또는 클라우드 시스템 DevOps 경험 우대 Go/Perl/R/Clojure/.net/ PHP 기술 보유 우대 입사지원 제출 서류: 경력 중심의 이력서, 자기소개서 제출처: 이메일로 제출 hello..."
https://kr.indeed.com/viewjob?jk=97d76fa461e8223f,"PHP, 벡엔드 외 신입/경력 정규직, 계약직",제트앤에스 서울 강남구,,"실이 발견될 경우, 채용확정 이후라도 채용이 취소될 수 있습니다. 인터넷·IT·통신·모바일·게임>웹프로그래머> PHP |인터넷·IT·통신·모바일·게임>웹프로그래머>백엔드|인터넷·IT·통신·모바일·게임>웹프로그래머>APM|인터넷..."
https://kr.indeed.com/viewjob?jk=d8025c0fe536d714,Recreation Aid (Lifeguard) NF-01,US Department of the Army 4.3 대한민국,,"kit, click this URL: https://publicfileshare.chra.army.mil/index. php/s/uIDfgOMr6PWHHGS/download?path=/&files=NAF Applicant..."
https://kr.indeed.com/viewjob?jk=5950e33d81e70dc6,[단기]투잡 - 시험 참여자 (전국-지역별) 지원바랍니다,케이알메딕스 서울 광진구,"월급 1,800,000원","케이알메딕스 | 인력고용및고용알선,광고대행,온라인정보제공 | 잡지사,출판사,신문사,배송,배달,asp,jsp, php,java,델파이 | 아르바이트,파견직 | 일주일이하 | 주2일 | 오전~오후 | 건당 1,800,000..."
https://kr.indeed.com/viewjob?jk=11565470bba29ad0,"HTML·DHTML·mHTML, PHP 외 신입/경력 정규직",타임미디어 부산 동래구,,"타임미디어 HTML·DHTML·mHTML, PHP 외 신입/경력 정규직 채용 모집부문... HTML·DHTML·mHTML|인터넷·IT·통신·모바일·게임>웹프로그래머> PHP |인터넷·IT·통신·모바일·게임>웹프로그래머>백엔드|인터넷·IT·통신..."
https://kr.indeed.com/viewjob?jk=232b2ed4ebd33a6b,(주)더모모스 SW 개발자(경력) (PHP),더모모스 부산 동래구,"월급 2,000,000원",래머>JSP|인터넷·IT·통신·모바일·게임>응용프로그래머>JAVA|인터넷·IT·통신·모바일·게임>웹프로그래머> PHP |인터넷·IT·통신·모바일·게임>응용프로그래머>RMI·CORBA(Unix·Linux)|인터넷·IT·통신·모바...
https://kr.indeed.com/viewjob?jk=30c960716b5f13b6,Sports Specialist (Strength and Conditio...,US Department of the Army 4.3 대한민국,,"kit, click this URL: https://publicfileshare.chra.army.mil/index. php/s/uIDfgOMr6PWHHGS/download?path=/&files=NAF Applicant..."
https://kr.indeed.com/viewjob?jk=5ed4beb5aa91a6a4,"전산 Asp, Php 가능자",올큐 서울,,"전산 개발직 Programmer - Asp, Php 가능자 Program 개발, 분석, 수정작업 근무 형태: 정규직, 아르바이트, 임시직 경력: * Program: 1년 (선호) 원격 근무: * 아니요"
https://kr.indeed.com/viewjob?jk=3fd532dea1ab5697,Korea IT Internship Programme Open Durin...,Tech Expozed International 서울,,"HTML, CSS, C#, ASP.NET, .NET, C# and PHP programming language... would typically... 2+ Technology: PHP 7, NodeJS, C#..."
https://kr.indeed.com/viewjob?jk=55a728a065b1a52f,"PHP, HTML·DHTML·mHTML 외 경력 정규직",에스씨파트너 서울 강남구,"연봉 50,000,000원 - 60,000,000원",및 제출서류에 허위사실이 있을 경우 채용이 취소될 수 있습니다. 인터넷·IT·통신·모바일·게임>웹프로그래머> PHP |인터넷·IT·통신·모바일·게임>웹프로그래머>HTML·DHTML·mHTML|인터넷·IT·통신·모바일·게임>웹프...
https://kr.indeed.com/viewjob?jk=232b2ed4ebd33a6b,(주)더모모스 SW 개발자(경력) (PHP),더모모스 부산 동래구,"월급 2,000,000원",래머>JSP|인터넷·IT·통신·모바일·게임>응용프로그래머>JAVA|인터넷·IT·통신·모바일·게임>웹프로그래머> PHP |인터넷·IT·통신·모바일·게임>응용프로그래머>RMI·CORBA(Unix·Linux)|인터넷·IT·통신·모바...
https://kr.indeed.com/viewjob?jk=6c2db4e207691c46,계측기술과 기간제 근로자(장애인) 특별,기상청 대한민국,,"록증 소지자로 고등학교 이상 졸업자 웹 프로그램 분야 자격증 소지자 웹 프로그램 및 기초 디자인 가능자 - php, Java, HTML, CSS 등 관련분야 유경험자 ※ 단, 공무원· 기업 등 입사 대기자는 제외 나..."
https://kr.indeed.com/viewjob?jk=05174363af14f59c,"앱(IOS,안드로이드), 웹(자바스프링,JSP,PHP) 개발자 및 디자이...",웹비즈 서울 송파구,"연봉 24,000,000원 - 50,000,000원","아이폰, 앱개발, 하이브리드앱, 웹프로그램, 자바, 스프링, JSP, PHP, 웹디자인, 웹퍼블리싱, 반응형, 제이쿼리, 웹기획, 스토리보드 등... 통신·모바일·게임>웹프로그래머> PHP |인터넷·IT·통신·모바일·게임>응용..."
https://kr.indeed.com/viewjob?jk=466ed639df372448,[판교]기술지원,NHN Service] [판교 4.4 경기도,,"Network, Linux, Windows Server 트러블 슈팅 숙련자 - 2년 이상의 개발 경험자( PHP, Python 등) 본 채용은 상시 채용으로 면접이 수시로 진행되며, 先지원자에게 기회가 먼저 부여되므로..."
https://kr.indeed.com/viewjob?jk=e0f6ae843467d1be,더모모스 SW 개발자(경력) (PHP),더모모스 부산 동래구,"월급 2,000,000원 - 2,200,000원","9시 ~ 18시 * 지원방법: 상세모집요강 접수기간/방법 지원방법 직무/산업 직무별(직종) 콘텐츠.사이트운영디버깅 웹프로그래머웹프로그래머, ASP, JSP, JAVA, Servlet, CORBA, PHP, CGI, XML"
https://kr.indeed.com/viewjob?jk=c5f24be08e893136,[정규직] 각 부문별 신입/경력,파크시스템스 수원 영통구,,"10년 이하 - 학력 : 대졸 이상 - 성별/연령 : 무관 - 직급 : 주임, 대리급 - 백엔드 프로그래밍 언어 ( PHP, javascript, jQuery 등)에 대한 전문적인 지식 보유자 - 데이터베이스 및 SQL 가능자..."
https://kr.indeed.com/viewjob?jk=d012345326aa1c7f,[국가기상슈퍼컴퓨터센터] 기간제 근로자,기상청 대한민국,,운영 및 관리 - 슈퍼컴퓨터센터 정보통신업무 보조 - 웹프로그래밍( PHP) 및 리눅스 가능자 (웹프로그램 개발자 우대) - PC 및 네트워크장비... 자 다. 우대조건 웹프로그램( PHP) 및 리눅스 가능자(웹프로그램 개발...
https://kr.indeed.com/viewjob?jk=d52525ff06d2ad48,기간제근로자 모집 (부산지방기상청 홈페이지 유지·관리),기상청 대한민국,,"국민연금) 자격요건 - 홈페이지 개발 및 운영가능한 자 - 포토샵, 드림위버, flash, jsp, php 등 가능한 자 - 웹프로그래밍 가능한 자 우대 전형 - 서류접수(메일) : 2011.6.10(금) ~6..."
https://kr.indeed.com/viewjob?jk=5ed4beb5aa91a6a4,"전산 Asp, Php 가능자",올큐 서울,,"전산 개발직 Programmer - Asp, Php 가능자 Program 개발, 분석, 수정작업 근무 형태: 정규직, 아르바이트, 임시직 경력: * Program: 1년 (선호) 원격 근무: * 아니요"
https://kr.indeed.com/viewjob?jk=232b2ed4ebd33a6b,(주)더모모스 SW 개발자(경력) (PHP),더모모스 부산 동래구,"월급 2,000,000원",래머>JSP|인터넷·IT·통신·모바일·게임>응용프로그래머>JAVA|인터넷·IT·통신·모바일·게임>웹프로그래머> PHP |인터넷·IT·통신·모바일·게임>응용프로그래머>RMI·CORBA(Unix·Linux)|인터넷·IT·통신·모바...
https://kr.indeed.com/viewjob?jk=848e5e4ff3ba9613,SK인포섹 주관 2020년 4차 산업혁명 선도인력 양성사업 연계 교육,SK인포섹 2.9 서울,,통신·모바일·게임>웹프로그래머>CGI·Perl|인터넷·IT·통신·모바일·게임>웹프로그래머>HTML·DHTML·mHTML|인터넷·IT·통신·모바일·게임>웹프로그래머>JSP|인터넷·IT·통신·모바일·게임>웹프로그래머> PHP
https://kr.indeed.com/viewjob?jk=87804fb09c21d040,관측정책과 기간제 근로자(장애인) 특별,기상청 대한민국,,"가. 자격요건 장애인 등록증 소지자로 고등학교 이상 졸업자 웹 프로그램 및 기초 디자인 가능자 - php, Java, HTML, CSS 등 관련분야 유경험자 ※ 단, 공무원· 기업 등 입사 대기자는 제외 나..."
https://kr.indeed.com/viewjob?jk=780ca9db02d29b92,"웹하드 PHP 웹개발자 (PHP, Mysql)",쉬프트 부산 해운대구,,"[웹프로그래밍] - jsp, java, ASP / PHP 개발 능숙자 - HTML... 실무 수행가능한 분 쉬프트 웹하드 PHP 웹개발자 모집( PHP, Mysql) 인터넷·IT·통신·모바일·게임>웹프로그래머> PHP |인터넷·IT·통신..."
https://kr.indeed.com/viewjob?jk=55a19c92c845685e,Developer / Designer recruit,마이뮤직테이스트 서울 논현동,,"MySQL - A working understanding of code... script ( PHP, Python, Perl... Ruby) - Knowledge of best practices..."
https://kr.indeed.com/viewjob?jk=11565470bba29ad0,"HTML·DHTML·mHTML, PHP 외 신입/경력 정규직",타임미디어 부산 동래구,,"타임미디어 HTML·DHTML·mHTML, PHP 외 신입/경력 정규직 채용 모집부문... HTML·DHTML·mHTML|인터넷·IT·통신·모바일·게임>웹프로그래머> PHP |인터넷·IT·통신·모바일·게임>웹프로그래머>백엔드|인터넷·IT·통신..."
https://kr.indeed.com/viewjob?jk=70096f3addf0b509,수도권기상청 기간제 근로자(연구원),기상청 대한민국,,"학위 이상 - 전산, 정보통신 관련 학과 - 또는 관련교육 이수자 - 프로그램언어 가능자 (C,JAVA, PHP,CSS,HTML) 우대요건 - 대기과학 전공자 2. 근무조건 가. 계약기간: 2018년 3월 5..."
https://kr.indeed.com/viewjob?jk=f24aadc953e7537f,May 28th Full Time,ESL AGENT 대한민국,,gmail.com Website : http... eslagent.net/english/main. php Telephone : +82-2-2675-0582 #1. Language school 1. Location...
https://kr.indeed.com/viewjob?jk=e0f6ae843467d1be,더모모스 SW 개발자(경력) (PHP),더모모스 부산 동래구,"월급 2,000,000원 - 2,200,000원","9시 ~ 18시 * 지원방법: 상세모집요강 접수기간/방법 지원방법 직무/산업 직무별(직종) 콘텐츠.사이트운영디버깅 웹프로그래머웹프로그래머, ASP, JSP, JAVA, Servlet, CORBA, PHP, CGI, XML"
https://kr.indeed.com/viewjob?jk=466ed639df372448,[판교]기술지원,NHN Service] [판교 4.4 경기도,,"Network, Linux, Windows Server 트러블 슈팅 숙련자 - 2년 이상의 개발 경험자( PHP, Python 등) 본 채용은 상시 채용으로 면접이 수시로 진행되며, 先지원자에게 기회가 먼저 부여되므로..."
